{"cameraMode":{"drawMode":0,"name":"Shaded","section":"Shading Mode"},"sceneLighting":false,"audioPlay":false,"sceneViewState":{"showFog":true,"showMaterialUpdate":false,"showSkybox":false,"showFlares":true,"showImageEffects":true,"showParticleSystems":true},"in2DMode":false,"pivot":{"x":489.58416748046877,"y":14.177124977111817,"z":506.7815246582031},"rotation":{"x":-0.04128536209464073,"y":0.7688661217689514,"z":-0.04989973083138466,"w":-0.6361239552497864},"size":9.272518157958985,"orthographic":false}