{"cameraMode":{"drawMode":0,"name":"Shaded","section":"Shading Mode"},"sceneLighting":true,"audioPlay":false,"sceneViewState":{"showFog":true,"showMaterialUpdate":false,"showSkybox":true,"showFlares":true,"showImageEffects":true,"showParticleSystems":true},"in2DMode":false,"pivot":{"x":495.3504333496094,"y":15.24553108215332,"z":507.48175048828127},"rotation":{"x":0.03243882954120636,"y":0.8997061252593994,"z":-0.42996713519096377,"w":0.06787730753421784},"size":6.259793758392334,"orthographic":false}