{"cameraMode":{"drawMode":0,"name":"Shaded","section":"Shading Mode"},"sceneLighting":true,"audioPlay":false,"sceneViewState":{"showFog":true,"showMaterialUpdate":false,"showSkybox":true,"showFlares":true,"showImageEffects":true,"showParticleSystems":true},"in2DMode":false,"pivot":{"x":499.2364196777344,"y":-5.274043083190918,"z":490.7954406738281},"rotation":{"x":0.03243882954120636,"y":0.8997061252593994,"z":-0.42996713519096377,"w":0.06787730753421784},"size":473.4720458984375,"orthographic":false}