{"cameraMode":{"drawMode":0,"name":"Shaded","section":"Shading Mode"},"sceneLighting":true,"audioPlay":false,"sceneViewState":{"showFog":true,"showMaterialUpdate":false,"showSkybox":true,"showFlares":true,"showImageEffects":true,"showParticleSystems":true},"in2DMode":false,"pivot":{"x":498.7099914550781,"y":0.6200000047683716,"z":502.04998779296877},"rotation":{"x":-0.15457783639431,"y":0.521118700504303,"z":-0.0966106578707695,"w":-0.8337929844856262},"size":10.575777053833008,"orthographic":false}